<?xml version="1.0" encoding="utf-8"?>
<Layout>
  <MainMenu Name="appMainMenu">
    <StandardMainMenuContainer>
      <!-- Папка Главное -->
      <LinkMainMenuItem Name="dashboard" Href="#/Dashboard" Configurable-bool="false" TextResourceKey="Navigator_Dashboard" IconClass="dv-ico ico-home" />

      <!-- Папка результатов полнотекстового поиска -->
      <SearchResultsMainMenuItem />

      <!-- Папка Последние карточки -->
      <LinkMainMenuItem Href="#/Folder/RecentCards" Compact-bool="true" Text-res="Folder_RecentCards" IconClass="dv-ico dv-ico-history" />

      <!-- Группа Мои группы. Компактный режим навигации по дереву -->
      <MasterGroupMainMenuItem Text-res="MainMenu_MyGroups">
        <!-- Групповые и ролевые папки пользователя. Показывать сразу подпапки, не показывать иконки папок -->
        <GroupFoldersMainMenuItem  ShowRoot-bool="false" ShowChildrenIcons-bool="false" />
      </MasterGroupMainMenuItem>

      <!-- Группа Мои папки. Компактный режим навигации по дереву -->
      <MasterGroupMainMenuItem Text-res="MainMenu_MyFolders">
        <!-- Папки, присоединенные пользователем. Показывать иконки папок. -->
        <UserFoldersMainMenuItem Name="userFolders" ShowRoot-bool="false"/>
      </MasterGroupMainMenuItem>
    </StandardMainMenuContainer>
  </MainMenu>
</Layout>
